{"indexes":[{"v":{"$numberInt":"2"},"key":{"_id":{"$numberInt":"1"}},"name":"_id_"},{"v":{"$numberInt":"2"},"key":{"order_status":{"$numberDouble":"1.0"}},"name":"order_status_1"},{"v":{"$numberInt":"2"},"key":{"order_no":{"$numberInt":"1"}},"name":"order_no_1","background":true,"unique":true},{"v":{"$numberInt":"2"},"key":{"order_no":{"$numberDouble":"-1.0"}},"name":"order_no_-1"},{"v":{"$numberInt":"2"},"key":{"store_id":{"$numberDouble":"1.0"}},"name":"store_id_1"},{"v":{"$numberInt":"2"},"key":{"ship_trip_id":{"$numberDouble":"1.0"}},"name":"ship_trip_id_1"},{"v":{"$numberInt":"2"},"key":{"trip_id":{"$numberDouble":"1.0"}},"name":"trip_id_1"},{"v":{"$numberInt":"2"},"key":{"order_date":{"$numberDouble":"1.0"}},"name":"order_date_1"},{"v":{"$numberInt":"2"},"key":{"ship_vehicle_id":{"$numberDouble":"1.0"}},"name":"ship_vehicle_id_1"}],"uuid":"5c1dd1c2be034db7a526417852217ae8","collectionName":"orders","type":"collection"}